{"stats":{"minecraft:mined":{"minecraft:sand":1},"minecraft:custom":{"minecraft:jump":15,"minecraft:time_since_rest":7702,"minecraft:damage_dealt":158,"minecraft:crouch_one_cm":199,"minecraft:leave_game":1,"minecraft:sprint_one_cm":715,"minecraft:play_time":7702,"minecraft:walk_on_water_one_cm":435,"minecraft:time_since_death":7702,"minecraft:walk_one_cm":3946,"minecraft:sneak_time":72,"minecraft:total_world_time":7702,"minecraft:walk_under_water_one_cm":881,"minecraft:fall_one_cm":211,"minecraft:fly_one_cm":13368}},"DataVersion":3465}